,community,year,national,regional,external_out,external_in
0,AGO,2019,27913.766299999974,0.0,9521.603300000199,4549.796100001923
1,ARE,1996,39504.103600000024,0.0,11775.429799993575,12083.869799997248
2,ARG,1995,209922.09420000002,1306.8494999999975,22146.513800003708,14198.158699994447
3,ARG,1996,221406.87120000052,1215.9017999999887,23162.20780000117,16253.018499993721
4,ARG,1997,236357.6231999998,1391.9662999999925,24668.69930000133,19091.220699990867
5,ARG,1998,234673.92420000053,1863.7954999999904,23799.973700001778,18974.567799990255
6,ARG,1999,218210.66690000007,1753.328599999981,23596.53070000203,16590.641699992997
7,ARG,2000,221304.74790000057,1997.2328999999852,26940.424700000152,18541.446399990196
8,ARG,2001,207959.45750000057,2339.9101000000037,25898.322300002317,16973.24729999233
9,ARG,2005,289500.6257000011,5225.372300000239,62324.46999993283,37464.4475999996
10,ARG,2009,356696.9309000005,3527.744800000047,64339.14179996411,44397.59319998475
11,ARG,2010,290666.9578000001,0.0,31974.057800000282,31682.779100000193
12,ARG,2011,358042.60850000073,0.0,37530.53749999394,41736.07989999515
13,ARG,2012,393101.1629999996,0.0,37398.85689999594,39197.07480000052
14,ARG,2013,408986.3408999999,0.0,35210.30969999822,41004.83939999905
15,ARG,2014,377948.77910000115,0.0,30060.420999999566,35385.54129999925
16,ARG,2015,423086.14730000054,0.0,24730.67639999517,33344.12429999926
17,ARG,2016,362747.9879999994,0.0,26224.29289999809,29487.02300000007
18,ARG,2017,413579.2768999994,0.0,26851.171899995737,34213.010399999475
19,ARG,2018,347692.5835999998,0.0,29745.843499999475,32665.90060000047
20,ARG,2019,298305.36230000015,0.0,32473.203500000203,26834.409299998806
21,ARG,2020,406080.05890000134,2138.580299999994,55325.45799996739,49314.59699997175
22,ARG,2021,543534.152699999,3220.8768000000437,111871.71100001724,74520.32389995144
23,ARG,2022,759174.588500002,7959.125100000224,147370.67710015376,123449.03510000379
24,AUS,1995,358220.93090000236,4173.835900000022,41098.59089994894,34297.6840000002
25,AUS,1996,401560.42450000084,4524.689400000025,46836.71989994865,37265.768000000004
26,AUS,1997,402947.33400000125,4377.1721000000225,47656.95629994776,38108.2938999995
27,AUS,1998,361208.71929999825,3682.0895000000137,41943.03799994639,35601.58829999984
28,AUS,1999,395329.9647000007,3843.442400000008,44154.28189994605,39825.43370000043
29,AUS,2000,385989.2112999991,3695.391500000004,47059.98069994453,39184.8208999989
30,AUS,2001,378685.58689999953,3411.2566000000106,46225.03149994621,35612.16629999995
31,AUS,2002,433925.4098999989,3587.719000000001,45722.96529994486,39244.34169999911
32,AUS,2003,560483.9088999995,4208.045800000016,53702.345499938485,47955.954199991764
33,AUS,2004,685557.533799999,5024.540300000025,66976.65699996066,59382.65949996561
34,AUS,2005,767100.5516000008,5516.308900000021,86103.53050000899,71061.69739996697
35,AUS,2006,815675.5381000007,5361.240700000021,99525.74110001925,77064.536099967
36,AUS,2007,969826.2401999995,6710.560700000015,125853.92420001859,95194.33449997513
37,AUS,2008,1035105.9965999981,6738.610900000009,151358.9154002785,104267.48899998766
38,AUS,2009,1007548.8769000008,6369.156299999991,141475.06570025344,100273.17539998642
39,AUS,2010,1235136.9446000052,6869.094700000021,175826.03590032962,112726.84080000655
40,AUS,2011,1454540.5166000011,8135.885300000017,236223.9066003818,140625.6428000061
41,AUS,2012,1501308.523899999,8658.48450000001,236858.9324003801,149545.04320000575
42,AUS,2013,1441595.5732999947,8348.29799999999,224842.92290037515,142552.27900000478
43,AUS,2014,1377041.6725999997,7955.679600000047,216327.73990034944,142708.4197000015
44,AUS,2015,1177930.3248999978,6275.288000000015,167083.25340029222,116784.37519999953
45,AUS,2016,1216973.0157999934,6548.219100000033,169524.96460028773,111678.82109999988
46,AUS,2017,1322223.2916999974,7014.646400000018,206292.9899003332,123835.22329999213
47,AUS,2018,1358410.9093000006,7368.940500000011,234858.76590038234,134384.55810000564
48,AUS,2019,1322880.9875000028,7657.797200000012,241953.24370038445,130622.46489999598
49,AUS,2020,1175276.0120999983,301.17530000000005,232614.37290016297,111237.382899995
50,AUS,2021,1387728.9062000015,262.9645999999997,309485.60090023023,136040.9435000029
51,AUS,2022,1613478.836199996,8673.395100000056,366024.6012006183,178143.94180005087
52,AUT,1995,290234.0263000007,11331.422899999941,55222.129899826214,60154.47669988267
53,AUT,1996,294913.916900002,11585.012899999529,56417.85729980001,64294.01479988726
54,AUT,1997,277995.04380000045,11754.60449999948,55791.05639981688,64451.61319988455
55,AUT,1998,285799.8949000019,11783.719399999281,61267.11339979936,69917.02339989052
56,BGD,1996,20446.363500000018,0.0,1117.6572999994848,2820.9644000004623
57,BGD,1997,21440.00549999996,0.0,1082.2382999994788,2824.863100000769
58,BGD,1998,22360.559300000008,0.0,1133.722199999464,3161.700200001199
59,BGD,2000,24080.75629999999,0.0,1440.5400999993462,3261.047400000902
60,BGD,2004,38312.61359999998,19.857599999999806,3016.816800001819,4356.5778000031205
61,BGD,2005,31439.631799999996,0.0,2217.2182999997954,4358.4058000016485
62,BGD,2007,42559.26600000001,0.0,3107.1017000011657,5667.591800002304
63,BGD,2010,61576.14019999993,0.0,3945.5085000029976,9609.197300002057
64,BGD,2016,128402.08739999983,0.0,7229.52040000507,21090.488299999062
65,BGD,2017,146981.51499999978,0.0,7681.542700005036,20745.410299999236
66,BGD,2018,166750.63989999963,0.0,8632.56200000261,24896.633199999615
67,BGD,2019,192156.01049999983,0.0,10329.301600001243,29327.97149999981
68,BGD,2020,236451.42500000075,0.0,9287.240800002355,28607.93479999967
69,BGD,2021,279904.03160000034,0.0,8602.99870000186,29718.538499999675
70,BGD,2022,294807.78090000054,0.0,10579.143200001612,37233.89349999685
71,BRA,1995,526665.1970000005,0.0,27349.134999999165,28941.02969999901
72,BRA,1996,557019.1480999992,0.0,26551.546100000785,29305.653499998418
73,BRA,1997,574519.8808999982,0.0,27507.23570000093,34453.71229999914
74,BRA,1998,552222.6873000001,0.0,27039.757300000067,33866.21109999956
75,BRA,1999,387846.9103000014,0.0,25283.223599999994,30507.390199998667
76,BRA,2000,503319.7170000006,0.0,30310.71760000093,38593.44339999957
77,BRA,2001,433928.62010000035,0.0,29736.529400000592,38979.67119999993
78,BRA,2002,528524.5213999996,7730.850700000247,51964.83979995342,41182.507299997495
79,BRA,2003,630685.6332000002,9466.286399999788,63217.59239994644,45257.173399991545
80,BRA,2004,775461.8018999967,12656.211099999698,84447.25199999209,63561.560399947084
81,BRA,2005,767882.3743000014,0.0,64156.52529997969,52435.015199990594
82,BRA,2006,919835.4311999982,0.0,77147.94779999567,64704.89799998434
83,BRA,2007,1342616.7718000002,11890.018799999942,107104.40989999869,95817.5900999818
84,BRA,2008,1636897.6251999987,14767.364299999987,135064.1488000278,135914.19240001237
85,BRA,2009,1286787.263599997,0.0,86820.33249999359,89928.84939998841
86,BRA,2010,1623872.012399999,0.0,127553.20940000261,129099.01210000129
87,BRA,2011,1921182.3725999985,0.0,172241.14870006748,159766.32580000383
88,BRA,2012,1817047.6575000011,0.0,158600.06080006415,160664.8920000041
89,BRA,2013,1807668.746699999,0.0,151686.12930006356,168224.26290001217
90,BRA,2014,1799691.017599997,0.0,144130.67120002912,163379.50570000397
91,BRA,2015,1304737.6081000024,0.0,117214.76909999947,124462.47140000018
92,BRA,2016,1271861.031300001,0.0,112135.9079999987,106702.13769999165
93,BRA,2017,1453271.8782999967,0.0,137181.5426000288,120094.77759999449
94,BRA,2018,1405533.2337000023,0.0,158029.8060000752,134747.4720000014
95,BRA,2019,1391812.8759999992,0.0,151082.94100007054,137263.79560000089
96,BRA,2020,1104016.8598000025,0.0,142342.97350003844,122706.43559999816
97,BRA,2021,1355781.796599997,0.0,192608.1993001057,165001.9473000079
98,BRA,2022,1679758.3411000005,0.0,237457.8439001292,208430.00780005698
99,BRN,2000,4363.668900000026,0.0,962.7115999998284,455.57369999996524
100,BRN,2001,4007.0816000000227,0.0,906.1038999998128,414.30089999996983
101,BRN,2002,4228.271700000029,0.0,981.1714999998228,390.40519999996405
102,BRN,2003,4667.05900000002,0.0,1121.5252999997967,453.57679999995906
103,BRN,2010,19227.701499999966,0.0,6158.58030000223,1809.910599999615
104,BRN,2012,15030.46069999999,0.0,2754.9174000013545,2290.5796999999197
105,CAN,1995,368842.5922999994,0.0,103713.86479999713,87904.02270000086
106,CAN,1996,386937.7244999992,17.536299999999994,112014.0213999972,101402.80539999818
107,CAN,1997,406781.7281999997,21.605799999999995,124826.65129999795,120749.58469999283
108,CAN,1998,381133.85579999996,23.6557,115044.11979999389,123955.22749999212
109,CAN,1999,407658.81800000044,0.0,120373.56859999406,132539.56669999385
110,CAN,2000,466588.18389999954,21.107299999999995,137229.1702000256,149150.26479998798
111,CAN,2001,475956.8428999998,0.0,133042.0230000199,139843.18519998583
112,CAN,2002,483774.90710000007,0.0,130478.13479999432,140229.5462999886
113,CAN,2003,563636.7159999997,0.0,149271.19080002638,156010.84839998587
114,CAN,2004,651884.1629000002,0.0,171535.04940006026,179921.26819999624
115,CAN,2005,779929.0533000007,0.0,241815.27550009906,189763.78329999672
116,CAN,2006,873676.4387000003,0.0,257415.13070009727,209241.4425000004
117,CAN,2007,966145.0825999982,0.0,279101.52190011984,228423.05650000184
118,CAN,2008,1018818.1261000002,0.0,316317.6999001493,235390.2813000034
119,CAN,2009,881172.1306999995,0.0,216506.56790007482,193049.96369999915
120,CAN,2010,1062390.9424999997,0.0,266381.9011001027,227767.93180000572
121,CAN,2011,1177311.9378000004,775.3607000000002,323697.40920013085,257607.6339999999
122,CAN,2012,1209789.6700999974,0.0,315147.2998001275,273423.64770000585
123,CAN,2013,1215797.7190000017,0.0,321265.11960014066,275347.159000009
124,CAN,2014,1179014.056800002,909.9091000000001,333961.1421001374,278147.1107000071
125,CAN,2015,1018642.3964999998,1039.0363000000007,267414.82110009284,250043.56880000283
126,CAN,2016,994409.4593000003,855.0369999999999,248088.37330007585,240451.50370000242
127,CAN,2017,1072207.3458000007,965.4741999999998,275632.891700101,254792.79999999824
128,CAN,2018,1115651.876399999,0.0,298492.16370012076,275222.11940000445
129,CAN,2019,1123967.1913999992,0.0,300644.01420011214,274953.276300007
130,CAN,2020,1070692.6591999975,0.0,264363.430300093,266795.6252000057
131,CAN,2021,1282108.5191,0.0,362573.9203001359,326251.14670005586
132,CAN,2022,1297343.9278000009,0.0,368941.10050010483,383670.0694000852
133,CHE,1995,297319.4886000003,0.0,54945.55729998845,50200.45599998161
134,CHE,1996,291386.62189999985,0.0,53141.46039998882,49546.13279998279
135,CHE,1997,251496.41200000033,0.0,52279.533399988184,47434.39749998364
136,CHE,1998,258629.65409999978,0.0,53731.24829998801,50161.43849998351
137,CHE,1999,254536.5511999998,0.0,55167.01129998784,50645.394299982916
138,CHE,2000,229106.1617999998,0.0,58435.93139998867,52343.89039998291
139,CHE,2001,233729.91070000012,0.0,57730.47669998853,52289.58099998364
140,CHE,2002,260684.90440000003,0.0,61134.02469998842,55905.136099979754
141,CHE,2003,301905.3070000003,0.0,70644.40869999654,63619.45079997924
142,CHE,2004,341120.9048999994,0.0,85482.96229998952,75833.62819998819
143,CHE,2005,353072.71959999984,0.0,87465.38679999145,80633.068999994
144,CHE,2006,370746.94229999883,148.69359999999998,96063.5651999938,89444.9603000043
145,CHE,2007,414578.4557000006,0.0,115339.62199999265,104045.22920000413
146,CHE,2008,494200.25840000017,0.0,129864.31139999317,117649.3767000056
147,CHE,2009,483439.81750000094,0.0,114837.38729999472,108278.61590000195
148,CHE,2010,508700.9662999993,0.0,131708.5177000111,119538.46760000619
149,CHE,2011,606041.7978,0.0,150380.98950002287,141076.60400001175
150,CHE,2012,585634.8458999991,0.0,151999.03440001837,140701.01290001237
151,CHE,2013,589968.7408000005,0.0,162923.93790002962,153580.6720000252
152,CHE,2014,614592.0017999999,0.0,159433.39470002174,149218.25100002327
153,CHE,2015,570356.0332999999,0.0,157361.0637000198,143652.04990001215
154,CHE,2016,550580.423300001,0.0,164044.79010002466,154942.10140001966
155,CHE,2017,573934.6622000008,0.0,168850.05180002336,165087.9373000388
156,CHE,2018,622895.4259000004,0.0,178120.64560002353,171184.27530005085
157,CHE,2019,631125.4229000009,0.0,175958.7236000228,171642.649500045
158,CHE,2020,612790.4860000003,0.0,172830.6923000265,179193.33320006586
159,CHE,2021,776381.4352,0.0,209364.6476000458,205409.96980008407
160,CHE,2022,844961.2772000027,1302.8389,227576.0042000528,223500.58710008548
161,CHL,2006,462103.71330000163,8747.007500000585,94029.62180003838,62178.62809992526
162,CHL,2007,353216.15240000194,5441.181400000403,87168.43739994885,58386.771199947005
163,CHL,2008,420286.5677000035,7289.19380000054,93654.49470001228,76066.78329993572
164,CHL,2010,477213.9271000058,6445.259800000505,109325.98640003588,70867.58509994342
165,CHL,2011,538241.8805000022,8279.106200000027,136581.61020009997,82697.57639993729
166,CHL,2012,582703.8812000018,7781.8824000002105,136751.31560009767,88573.65929993721
167,CHL,2013,605596.7914000005,6117.550200000124,136380.56120009613,90337.07699993793
168,CHL,2014,591239.6945000013,5321.901900000137,127128.49160000778,87665.8567999395
169,CHL,2015,515092.71530000144,4107.8046000000795,93887.53689998605,74651.836399945
170,CHL,2016,503990.0007000036,3963.331400000094,94860.27169997666,69459.70739995172
171,CHL,2017,545412.685800001,4482.368700000152,111493.92740000444,75708.0155999421
172,CHL,2018,576720.4612000004,5305.700400000154,123332.88680000346,84357.84859993852
173,CHL,2019,562500.7519000022,4968.784000000129,117939.9780000048,83954.25789993822
174,CHN,1995,1050771.072999997,0.0,51183.23079998805,74405.95239998297
175,CHN,1996,1209911.5461999986,0.0,57901.13079998583,86281.35139998472
176,CHN,1997,1330029.7503000002,0.0,71196.40909999174,92545.13539998815
177,CHN,1998,1461874.9343999992,0.0,72706.06379999127,95601.31719998801
178,CHN,1999,1572690.640500001,5.110999999999998,76625.7601999936,112885.56330000101
179,CHN,2000,1762350.8888000008,1910.9314999999824,101277.2455000062,144430.45910002638
180,CHN,2001,1820502.6124999984,0.0,96165.22330000448,154400.9222000118
181,CHN,2002,1834628.8162000035,0.0,116624.00800000384,183776.7977000172
182,CHN,2003,2163724.868100001,2333.9111000000626,168555.75560004453,251338.4589001208
183,CHN,2004,2710948.475699998,3984.739200000004,233676.2035000568,334297.79380009515
184,CHN,2005,3432641.9528000127,5626.648300000003,300175.9861000808,395712.3823000983
185,CHN,2006,4341153.874299994,9518.931499999977,376805.5284001109,447621.04380011035
186,CHN,2007,5819514.548199979,12387.882699999975,494426.4669000955,557819.9481001346
187,CHN,2008,7259372.44010001,20117.37490000002,635426.2373997635,708441.5712000807
188,CHN,2009,7961004.553699995,1880.1031999999998,441679.85080016934,584593.0817001375
189,CHN,2010,8876514.636300005,22433.67800000001,607698.3552998119,746816.5562000453
190,CHN,2011,11444677.866900021,26869.065000000013,787595.7652995469,1037795.0464998026
191,CHN,2012,13674673.915099995,30278.62260000001,813998.4934997921,1078457.2717998393
192,CHN,2013,15737996.22299999,6629.458400000005,840476.5093997649,1194067.1093997627
193,CHN,2014,17523688.752599996,7204.101200000006,925427.3660997895,1226754.7485998215
194,CHN,2015,19309793.141799964,4864.721700000003,894063.6595998236,1112189.1249998345
195,CHN,2016,17805614.6715,0.0,824386.0928998354,1072674.6076998618
196,CHN,2017,18193292.87579998,2468.419000000001,924896.8411998036,1240016.3947998271
197,CHN,2018,19949661.835699983,1080.1782000000003,1049116.4762998805,1410936.8337999047
198,CHN,2019,20577108.718200028,25404.042499999992,1085363.4076999389,1397750.8344998343
199,CHN,2020,21150671.582599968,53203.63249999996,1142129.962799973,1385731.219999793
200,CHN,2021,25558513.20370002,39432.283899999995,1504911.5176000898,1854008.5943999088
201,CHN,2022,25763293.577700067,41572.21419999996,1601094.9811000985,1844678.8473998914
202,CMR,2008,11165.9432,2.5570999999999997,3213.5917000010945,3686.710100001985
203,CMR,2009,12048.652400000023,0.0,3454.246200002067,2566.419700001302
204,CMR,2011,12477.24380000003,0.0,3523.488200001097,3556.699800000841
205,CMR,2020,15329.561900000024,0.0,3783.80690000236,2655.1533000002596
206,COL,1997,131500.77189999985,781.7024999999619,13903.875499989688,15808.812899998939
207,COL,1998,125871.6402999998,651.4851999999688,13211.21999999314,15652.892599999373
208,COL,1999,115178.7663999996,627.8809999999662,14588.364799986663,13519.686100008317
209,COL,2000,117120.40009999934,553.022799999964,15016.271799987915,14228.260500007424
210,COL,2001,117827.24679999956,524.565599999968,13665.099599999614,14644.182600005368
211,COL,2002,120429.52259999994,567.1054999999692,14164.423300000093,14961.749499999212
212,COL,2003,120354.33879999966,645.7074999999674,16680.22019999291,15948.95929999538
213,COL,2004,142293.91069999957,955.281199999957,21555.387299994134,18356.56869999314
214,COL,2005,112493.03439999983,175.1723000000037,14516.429799985528,17129.87409999752
215,COL,2009,265485.8622000021,1520.4322999999545,43101.48989997354,36136.27749999412
216,COL,2020,305242.00080000045,1309.8441999999854,39427.17499998366,43420.58810000041
217,COL,2021,366764.2411000023,2136.566799999995,59498.9701999537,67805.71939995709
218,COL,2022,291546.3790999999,437.693699999993,50654.19619995252,53845.13369998594
219,CRI,1995,6684.830300000008,0.0,1252.70399999947,1888.0685999997422
220,CRI,2011,24081.219399999998,0.0,4233.8506000014495,6835.112600001174
221,CRI,2012,26320.107800000005,0.0,4628.934800001631,7432.628700001293
222,CRI,2013,28603.50140000001,0.0,4754.015400001631,7351.340900001305
223,CRI,2014,28798.958599999987,0.0,4956.67460000177,7491.009200001317
224,CRI,2015,30297.029799999935,0.0,5004.566200001716,7037.093900001479
225,CRI,2016,30762.840000000037,0.0,5454.672800001723,7168.132600001889
226,CRI,2017,31178.497000000014,0.0,5749.087500001786,7609.6096000018415
227,CRI,2018,31772.74579999999,0.0,6468.599800002479,8584.00470000203
228,CRI,2019,32366.645699999943,0.0,6808.87500000235,8258.706000001886
229,CRI,2020,30335.17020000007,0.0,7131.923100002402,7404.282800002092
230,DEU,1995,1719585.9908999982,4208.1750999999995,255713.5929000708,246221.52650009084
231,DEU,1996,1645184.2959999992,416.0187000000001,249222.0382000636,245178.94960008917
232,DEU,1997,1479419.4191000005,5128.060999999999,248802.20090006245,237994.85180008996
233,DEU,1998,1515517.5831000004,5351.254300000001,261305.07290005108,252038.7549000911
234,DEU,1999,1688244.5300000017,35521.668499999454,269518.42060044967,273896.7761002938
235,DEU,2000,1639775.564600005,60768.687899993354,284433.62220109283,293498.15530055936
236,DEU,2001,1658237.7521000032,64092.80249999377,287490.12930109014,286600.01310054533
237,DEU,2002,1757051.7950000144,69383.67359999806,313295.2353010829,289533.9503005718
238,DEU,2003,2170474.1064999783,90801.89259999953,386796.59710107755,361508.91950082174
239,DEU,2004,2476118.7613999955,116264.86219999903,473112.21600106655,433973.7219009408
240,DEU,2005,2598932.1256999965,129465.1250999985,516446.24600108346,486575.0696009519
241,DEU,2006,2825494.0662999856,173505.52160003743,613900.2622964979,592037.1023004145
242,DEU,2007,3309312.4066000055,209673.88150004143,736539.6216965,715098.7994993179
243,DEU,2008,3737282.3880999815,205886.2260000247,783511.978697334,770093.2434994912
244,DEU,2009,2655562.431900005,19032.48839999994,566509.1874991906,514360.85220032174
245,DEU,2010,3674025.4144999795,250931.20500003407,712369.3006968295,734846.9894994107
246,DEU,2011,4198308.524699981,328225.00410007196,868205.9571961425,912237.1759978655
247,DEU,2012,3842622.1163000236,309209.0469000696,839548.0213960991,857970.5869987967
248,DEU,2013,4020564.181299985,331948.7983000997,867509.7370952511,888115.4677978179
249,DEU,2014,4130308.038199962,347342.7584001121,896817.0926952964,902116.3248975567
250,DEU,2015,3623408.5549000055,297107.76420009416,786408.0438952874,748161.091599238
251,DEU,2016,3708262.15560002,302080.103000096,787636.4328952875,736523.3657992213
252,DEU,2017,3981767.9937999616,338581.97650009784,865954.0684953709,831665.6138982358
253,DEU,2018,4361822.59139998,380997.73340009974,950506.6452955597,937649.3875974852
254,DEU,2019,4261129.756199979,370665.2699000875,945613.3949954837,916080.3678974637
255,DEU,2020,4305941.623399992,358931.75180011825,886264.569995525,852375.1024973063
256,DEU,2021,4855430.358999983,427173.26010010135,1072845.9183969006,1076141.854197388
257,DEU,2022,5161929.3751999475,545681.1003000758,1215862.8687976827,1322298.3531977038
258,EGY,2000,54188.35389999968,71.74210000000197,8854.654399997413,11589.822400000912
259,EGY,2001,45230.00829999992,0.0,7930.917400004399,8374.165800002555
260,EGY,2002,46572.09089999968,110.3004000000021,9123.986799996354,10707.223100002006
261,EGY,2003,33411.99859999998,0.0,8779.338500002463,7254.666500002833
262,EGY,2004,35154.991499999946,0.0,11913.109800000242,11043.281900000895
263,EGY,2005,44895.50619999993,89.78320000000264,15580.628499983874,14642.216099993955
264,EGY,2009,206865.42479999934,2198.112300000069,45672.34509998331,47365.341899989464
265,EGY,2010,259171.77090000053,2123.807900000051,51258.25329997953,56104.62239997895
266,EGY,2011,297694.60309999995,2210.408000000083,58041.282999978495,65981.00979996903
267,EGY,2012,303612.83940000046,2200.5078000000385,56860.79929998037,69434.22189996774
268,EGY,2013,135347.1655999999,0.0,22243.6667999966,22820.209499997243
269,EGY,2014,148233.98910000044,0.0,21458.613199997202,24350.70899999684
270,EGY,2015,149731.8070999997,0.0,16395.35249999963,21031.01429999561
271,EGY,2016,129691.64229999974,0.0,14726.876999998707,19261.776899995308
272,EGY,2020,148031.88570000016,0.0,18488.99619999656,23054.03849999611
273,EGY,2021,164907.8678000003,0.0,29042.724500000302,30785.36909999888
274,EGY,2022,143921.3805,0.0,31876.49129999881,28324.31619999721
275,ESP,1995,530343.8843999892,7325.429500000268,59403.43109995087,85476.96149998489
276,ESP,1996,561522.9071999922,8117.53460000024,64380.590399945,89720.66610001329
277,ESP,1997,521131.0590000041,8014.958700000285,65814.02359996575,90508.89180001743
278,ESP,1998,550690.971999988,8429.506799999957,69316.8827999827,96197.6316000203
279,ESP,1999,570192.2798999844,9178.564099999798,71313.67939998883,102639.18630002419
280,ESP,2000,597618.2680999875,12389.6086999987,91220.38060006087,107258.10460002514
281,ESP,2001,583152.0818999902,9715.361499999792,76091.25180001998,106221.61840001392
282,ESP,2002,703176.5741999832,13567.55469999914,92093.09860004843,121814.87400004787
283,ESP,2003,893364.2119999977,15705.033599999542,106028.12440004338,148083.64780012122
284,ESP,2004,1063287.8516000018,19704.2158999997,123310.11820004146,180861.12570025818
285,ESP,2005,1177888.4505999982,20643.001799999693,131613.6235000701,197054.11920026064
286,ESP,2006,1306561.574999996,23304.717099999692,149815.87130019523,226733.68360027336
287,ESP,2007,1519665.1630000025,27878.91969999961,180274.37370041726,269775.4745003255
288,ESP,2008,1615713.1494999994,31551.43609999975,202525.80700042786,288624.1333003668
289,ESP,2009,1364746.2513000017,23555.55859999975,156728.67470036802,201571.68160027798
290,ESP,2010,1266916.2762999944,25359.679199999642,174226.26280041988,214340.87320026438
291,ESP,2011,1307643.5312000015,30002.32030000014,211934.17190046213,252994.09970030544
292,ESP,2012,1185165.3102999995,29664.50170000027,214797.52110044903,243401.44150040342
293,ESP,2013,1208683.090900007,38756.52399999787,265753.4006005172,238717.29770038358
294,ESP,2014,1255702.3987999966,38390.992999997914,266771.0441005173,253105.84380045458
295,ESP,2015,1063262.9255000027,29512.706500000477,212218.14670047147,204249.76180037373
296,ESP,2016,1054027.9563000023,28947.03960000048,210301.34100046573,204362.0343003559
297,ESP,2017,1096586.5324000048,28990.602000000075,208541.30100045243,230271.13180028016
298,ESP,2018,1244510.9236000082,36564.02009999858,266449.0690004706,263981.76480043144
299,ESP,2019,1198332.242599994,31695.318400000153,226726.02880046776,251746.30230031078
300,ESP,2020,1108386.9148000013,28012.770200000232,201808.6146004487,226723.16850026487
301,ESP,2021,1313381.5952000006,36088.19949999969,255377.48030041682,291951.4529003133
302,ESP,2022,1395741.4456000032,41188.5424999997,294960.2871005149,326063.7404003783
303,FRA,1995,1078297.0770999957,2356.2722000000163,157319.24110017778,161711.10280012232
304,FRA,1996,1055893.371300001,598.8465,159422.19200004698,161238.89510004668
305,FRA,1997,999701.3704999979,4732.676300000372,162219.52500034802,157840.3337001503
306,FRA,1998,1028192.3991999963,4737.803700000203,169919.2412003508,167617.98100018618
307,FRA,1999,1055111.996199998,4711.423500000195,167872.63970037518,169117.50740018938
308,FRA,2000,1012640.928799998,5784.961900000552,170521.670000353,183317.07190031116
309,FRA,2001,1015690.7542000004,3801.6602000000566,174975.50290023975,181166.2613001714
310,FRA,2002,1080349.181299999,2245.2200000000003,176528.70680019428,181163.1288001287
311,FRA,2003,1302715.4346999996,2643.608600000013,210232.69300019575,213052.68030018825
312,FRA,2004,1499345.841299996,3086.460200000013,245478.0592002136,254142.87810022334
313,FRA,2005,1572511.6522,3699.7323000000274,263206.37370027095,276148.9765002423
314,FRA,2006,1680817.5128999993,3763.4222000000327,285395.7121003394,310719.5009002765
315,FRA,2007,1931930.6151000045,5170.006500000046,328352.752900343,357424.8515002995
316,FRA,2008,2134860.2204000014,5734.583200000017,364371.0272003856,402686.4686003408
317,FRA,2009,1940463.0677000026,9855.602400000022,314226.369300339,326771.38760042307
318,FRA,2010,1893147.412500003,4574.314100000034,308473.0625003221,362956.27770030085
319,FRA,2011,2065944.9572000012,5132.892900000041,360152.3045003292,423912.55140034703
320,FRA,2012,1930771.450500001,4515.538600000039,343933.10420031904,405464.23120033304
321,FRA,2013,1999044.2536999984,4784.738000000054,361801.92230033304,421707.9778003433
322,FRA,2014,2020942.5582999988,4657.565000000034,374690.3910003157,427597.82960033696
323,FRA,2015,1694905.5051999993,3678.5182000000154,331563.3372003269,368358.4419003148
324,FRA,2016,1708722.688500003,3854.4276000000227,325976.7761003211,367125.64230031567
325,FRA,2017,1836537.6630000002,4144.76300000003,351049.04150035285,401905.95980034233
326,FRA,2018,1973218.7516000003,4350.032800000037,384457.45970038045,439510.75010034104
327,FRA,2019,1933461.0224999986,4116.204500000031,377100.33620038023,430237.565700332
328,FRA,2020,1833610.4319000037,3334.4198000000074,335476.87200036,375925.88870034093
329,FRA,2021,2135924.6892999895,4080.5744000000177,416514.98040036624,468302.9691003521
330,FRA,2022,2159175.8672000007,760.5656000000001,449192.1364001038,544274.8631001454
331,GBR,1995,953702.2010999968,8113.952700000052,155302.1683002153,144482.67600002728
332,GBR,1996,1003326.0553000014,8926.487000000005,171745.74840016867,157807.2133000388
333,GBR,1997,1133372.7394000052,10792.099299999938,184337.22960016757,167993.4488000513
334,GBR,1998,1216820.4666999965,12301.42549999994,188433.92690016844,177219.42500007342
335,GBR,1999,1241243.5526000033,13141.439299999964,198364.86110018328,182584.20320009268
336,GBR,2000,1201797.5721999952,13422.067499999936,212417.2150001828,191429.85660011775
337,GBR,2001,1197318.3860999967,16673.83829999991,214095.44580018695,197365.6425001206
338,GBR,2002,1309908.6621999948,18746.375099999954,224117.07510019338,210944.57870012234
339,GBR,2003,1507155.3622000008,21719.75849999998,264003.59090022004,243430.52910018046
340,GBR,2004,1788862.3254999993,26974.00210000004,316346.54910032236,301412.73010021175
341,GBR,2005,1833166.2336000004,51815.330300000016,391591.2137003419,317271.49730020977
342,GBR,2006,2050103.9579000014,61764.015899999875,448879.4410003349,368826.42720024614
343,GBR,2007,2310196.241199997,67638.30609999987,504006.77370032686,406780.73230027023
344,GBR,2008,2214474.216699999,70521.9644,539961.3182003065,429870.9940002731
345,GBR,2009,1859263.6073000026,50562.467900000105,419966.61990030285,354486.35090021713
346,GBR,2010,1854752.080299995,57945.73539999996,458949.4893003149,382028.24350024963
347,GBR,2011,1940566.1545999998,69872.99919999996,541129.288100292,426966.9239002738
348,GBR,2012,1988816.654500001,71194.78339999999,547878.3131006212,441973.77090046136
349,GBR,2013,2054796.9265999976,32256.51740000017,480793.5480006379,475852.4243004675
350,GBR,2014,2226343.5935999914,68930.48849999857,566710.1406006276,472136.823400486
351,GBR,2015,3050775.886699982,234039.70210002997,814628.0275980101,720951.7418001703
352,GBR,2016,2893720.7107999846,226861.06740002273,780269.442498053,707291.6948002295
353,GBR,2017,2955915.0800999817,250597.65660002828,864347.6049980861,766095.7845999452
354,GBR,2018,3233194.8185999943,299338.64450003573,964815.3807976171,862394.6611985565
355,GBR,2019,3127261.9164999733,295814.53770003526,958288.7749976781,887024.7424984431
356,GBR,2020,3038269.2446999643,309227.622000038,984647.2243979094,868982.8436986948
357,GBR,2021,3619563.1434999784,370622.8361000384,1202838.8656973857,1010944.6805981144
358,GBR,2022,2486636.5849999976,58107.17329999837,724552.0555987402,634969.1999004066
359,GRC,1995,90212.59719999997,0.0,5526.521900002909,11575.643099996714
360,GRC,1996,139142.63260000074,1108.4834999999016,15187.96609998304,23214.76679999452
361,GRC,1997,132079.12119999976,983.8756999999788,14000.67379999307,21922.95729999094
362,GRC,1998,138564.63570000042,1184.6346999999025,15048.254899984744,25255.71150000291
363,GRC,1999,171106.6381999996,1388.7162999999275,20326.090699997814,31253.23270000312
364,GRC,2000,114818.73089999997,841.5299999999809,15242.096999991241,23413.794599996043
365,GRC,2001,119853.05499999957,872.1517999999797,15704.28729999121,24684.594399999278
366,GRC,2002,152033.10699999967,1504.335899999931,18588.87529999982,29319.28140000329
367,GRC,2003,190817.05750000026,1866.4130999999138,23693.04360000534,37914.23059998725
368,GRC,2004,233802.86560000008,2833.923200000111,32741.306400007572,47680.73479996065
369,GRC,2005,257289.16949999976,3369.369500000092,35738.79879999677,54520.86699993705
370,GRC,2006,296985.3913000003,4379.385000000131,42150.15179998919,67898.01749994264
371,GRC,2007,362117.58510000026,6340.423400000204,55932.0144999555,88706.2197999525
372,GRC,2008,410635.2292000003,8685.937000000164,67325.67519995762,106914.21700001071
373,GRC,2009,203406.5267000007,1899.2292999999531,29005.219900003904,43976.95379998344
374,GRC,2010,373968.83710000134,6423.927900000708,58947.034599915714,83407.38069994828
375,HKG,1995,124541.8356999999,12.228500000000002,18199.5651000011,26825.715099999594
376,HKG,1996,137495.48190000004,35.2316,22489.462600000672,30886.583599998372
377,HKG,1997,150991.27140000026,50.29769999999999,22253.714600000727,32205.010299998663
378,HKG,1998,145528.97420000006,43.1841,21673.72600000061,27315.955699998856
379,HKG,1999,143646.27719999992,29.9639,23629.850500000262,25698.297899997768
380,HKG,2000,148503.34109999985,39.74970000000001,24482.945400000517,27440.648299997607
381,HKG,2001,141015.58620000002,42.1196,24491.620799999575,26646.253199998388
382,HKG,2002,137398.3773,35.2354,26143.246100000284,27982.663899998788
383,HKG,2003,140622.4368999998,2.079,26345.383399999708,28645.684199998894
384,HKG,2004,151955.25210000004,0.0,29300.342099999616,32745.26439999943
385,HKG,2005,163682.4389000003,6.792700000000001,33603.48439999426,39228.43409999887
386,HKG,2006,179309.85149999984,0.0,36158.91119999298,43969.59929999699
387,HKG,2009,1511315.658699998,118082.32099999905,438576.33020086575,471295.00240139355
388,HKG,2010,1828502.6553000056,151850.21860001757,538948.8457002843,620165.483600282
389,HKG,2013,188655.02949999965,0.0,48965.556399994464,84404.84839998971
390,HKG,2014,202497.67979999998,0.0,47097.35469999479,73844.56389997623
391,HKG,2015,203605.34600000014,8.723,47167.871299993276,67692.33789997772
392,HKG,2016,215525.07729999983,39.79099999999999,41746.76399999212,57622.45249998239
393,HKG,2017,220346.1593000002,41.694300000000005,43668.63569999222,61574.752099982165
394,HKG,2018,2343658.6015,184540.59180001655,873556.4874000399,780931.4841979844
395,HKG,2019,230925.57729999977,35.43869999999999,45218.729599993574,62121.849599982044
396,HKG,2020,226992.75329999995,25.140699999999995,41110.00009999319,53870.85909998496
397,HKG,2021,248868.9451,0.0,45220.062799994084,61630.94979997954
398,HKG,2022,237910.26910000027,0.0,48235.723999994676,64724.05259997943
399,HRV,1999,32033.823899999978,548.2839999999998,5111.545800002835,8270.969800005312
400,HRV,2000,13959.98360000001,0.0,1815.3578999994038,3627.941000001217
401,HRV,2001,14350.032599999997,0.0,1983.2893999993971,3949.9816000012593
402,HRV,2002,16495.068199999976,0.0,2192.214599999926,5070.146600002115
403,HRV,2003,22341.922800000022,0.0,2838.514400000349,6606.421300002857
404,HRV,2004,26999.148599999924,0.0,3532.501900001072,8007.560400002863
405,HRV,2005,30322.032399999975,0.0,3785.127600001218,8686.575500001589
406,HRV,2006,34144.401000000034,0.0,4199.987400001807,9957.35140000053
407,HRV,2007,40788.96729999989,0.0,5088.994500002399,11885.49220000005
408,HRV,2008,45275.860799999886,0.0,5820.874500002962,14051.71749999648
409,HRV,2010,35696.84249999996,0.0,5211.39480000281,9444.375800001393
410,HRV,2011,39534.74459999997,0.0,6151.426200002971,10202.843100000646
411,HRV,2012,36340.95130000001,0.0,5691.077800002985,9681.352100000653
412,IDN,1995,167404.3946999998,0.0,33204.74379999906,28874.035300000072
413,IDN,1996,195025.28649999978,0.0,36303.91819998846,31544.99490000135
414,IDN,1997,187424.96289999975,0.0,37164.43619998822,32235.054200002087
415,IDN,2003,904414.9528000028,70359.75409999308,259939.63310046098,258731.49030058086
416,IDN,2004,1029346.7346000044,93703.2020999976,321714.10590068554,333633.72840084566
417,IDN,2006,1369729.4872000036,129965.08710000261,435212.5394010389,433794.42550131946
418,IDN,2007,1794837.9309999936,165090.8447000434,520565.67190123437,530539.0638015572
419,IDN,2008,2015469.5315999892,189694.27030004383,591299.1076998839,634050.3469002508
420,IDN,2009,461095.5520000003,0.0,86599.64339999677,68949.57839998564
421,IDN,2010,597826.5381000009,0.0,118013.80810000576,96762.37649999064
422,IDN,2011,2512506.1587000038,218586.62110003026,710915.3311998468,773347.8695982202
423,IDN,2012,705497.7716999983,0.0,144385.92510005867,126177.06119999631
424,IDN,2013,2518461.892899979,199908.54980003557,716845.1194995977,756114.760098332
425,IDN,2014,2513270.29729999,191095.17680003005,732521.4783996228,763674.1141985619
426,IDN,2015,662954.7430999978,121.102,106530.59050000458,94823.65929998906
427,IDN,2016,714875.2522000016,0.0,101048.47680000414,88524.2783999867
428,IDN,2017,772508.9533000013,80.86940000000004,116785.23510000978,99494.01959998914
429,IDN,2018,767283.3003000023,0.0,106566.05210000812,121317.14379999164
430,IDN,2019,850249.3384000009,0.0,122981.29000000733,110179.06069998596
431,IDN,2020,827211.5341000007,0.0,108709.13940000636,87858.57529998006
432,IDN,2021,893526.6020999997,0.0,157930.65850009417,124137.89579999485
433,IDN,2022,971562.8782999996,0.0,209284.17660014727,152798.50520001026
434,IND,1995,370290.19709999993,1412.6195999999918,22423.171900001977,30861.57700000231
435,IND,1996,351635.80810000026,0.0,16351.284599994704,24227.350899999215
436,IND,1997,429702.1484000017,1891.7633999999955,29271.476899991703,38122.456599997815
437,IND,1998,388777.8678000007,0.0,18715.920099996125,28748.94490000154
438,IND,1999,466173.7316000021,4454.492100000367,45436.20639995034,41458.840399985456
439,IND,2000,416855.0461000004,0.0,24587.888199997327,35908.999399999535
440,IND,2001,471910.09889999975,6671.601400000093,53621.04519997926,41048.193499996574
441,IND,2002,477189.77900000004,6195.500200000084,57533.72539998046,54328.54499997288
442,IND,2003,473532.4705999995,0.0,36246.72629999489,52715.759699984555
443,IND,2004,627915.0093999996,4891.269300000027,72190.5605999901,87080.71379998476
444,IND,2005,721719.3341999981,6852.749400000053,93813.5590999948,111996.1946999957
445,IND,2006,982694.8382999956,35162.47859999958,309726.94150035427,178004.57410030693
446,IND,2007,1278293.281899994,44695.45989999843,348552.8888004116,231403.60550043028
447,IND,2008,1401862.2015999972,51903.54899999931,428228.7254004805,272826.59950040875
448,IND,2009,1473225.3020999967,47593.18449999898,302710.20870046364,251544.1546003603
449,IND,2010,1697171.5019000028,17572.427399999968,206294.2994000137,257735.2643001735
450,IND,2011,1761689.8541999985,21448.871199999878,261544.55890005626,316135.19520023395
451,IND,2012,1678018.3892000003,22672.222699999886,269604.4499000937,307473.6546002114
452,IND,2013,1979133.313200005,71920.00569999807,560249.3780997719,343796.84800053056
453,IND,2014,1830450.9499999988,23695.917999999965,286997.7765000946,315867.1769002444
454,IND,2015,1612345.159500001,0.0,180964.31860002005,234754.99370008602
455,IND,2016,1869168.5915000045,30743.817899999663,316308.52770053694,285950.30380033306
456,IND,2017,1820357.1133000003,0.0,202657.10440002102,269885.2083000925
457,IND,2018,2000222.3600000008,8233.914300000008,254621.33240005345,302975.8870001112
458,IND,2019,2091338.1824999982,3051.059800000004,235169.690300045,311246.6942001148
459,IND,2020,2096874.6961999994,40986.253499999846,365713.5052002331,342247.3646002533
460,IND,2021,3022678.5591999902,112962.36160000045,655321.1772998624,503946.5939007481
461,IND,2022,3362209.5885999883,139589.95750001402,869011.1096978112,629357.2642005192
462,ISR,1996,56928.76149999996,0.0,11347.335899997595,16854.90919999578
463,ISR,1997,58281.41559999997,0.0,12285.100999997374,16500.275099996154
464,ISR,1998,58689.37670000001,0.0,13032.243599997279,15788.435199996104
465,ISR,1999,56133.50429999996,0.0,14143.898899997403,17367.617399996776
466,ISR,2008,205419.1392000002,3704.2799000000746,58170.847199973476,63505.877699969824
467,ISR,2013,193281.98519999997,0.0,42660.9242999948,46780.942499995734
468,ISR,2014,196617.14189999993,0.0,42826.5391999925,45986.62469999817
469,ISR,2015,186261.24240000025,0.0,41586.383399993545,41358.58889999878
470,ISR,2016,194958.76220000003,0.0,41826.000499993956,42853.71649999803
471,ISR,2017,221221.25790000006,0.0,46459.947399993645,47298.6134999956
472,ISR,2018,239027.7458,0.0,51194.56029999361,54342.827999993715
473,ISR,2019,247767.54929999996,0.0,53847.11169999359,53347.4294999954
474,ISR,2021,298505.11460000026,3.349700000000002,69616.55659999812,67359.80449998297
475,ISR,2022,309914.9260000008,3.189100000000003,82122.03339999793,76144.69509998219
476,ITA,1995,963493.6390999953,503.195599999994,115657.8965000359,131372.2262000219
477,ITA,1996,1057863.7671000024,0.0,126038.25479999968,129746.27560001041
478,ITA,1997,1018791.9961999997,0.0,120242.13569999998,129215.24320001029
479,ITA,1998,1048194.3411999983,16.6349,123491.53070000015,136719.7413000146
480,ITA,1999,1056276.4581999993,133.40080000000006,118033.29519999787,136832.384400013
481,ITA,2000,995201.4634999995,412.43539999999956,121766.097699999,145553.77560001888
482,ITA,2001,1029031.4511999994,2450.0180000000164,126221.05930002095,149341.8459000558
483,ITA,2002,1103741.0276,209.5164000000003,130346.95739999799,156247.03710003832
484,ITA,2003,1358306.5304000005,0.0,156367.7147000536,185205.96720007053
485,ITA,2004,1552733.7755999996,0.0,187984.1575000567,223342.36290009183
486,ITA,2005,1618585.464400002,337.06299999999965,201326.0477000607,240570.03920010032
487,ITA,2006,1716470.126299998,475.07869999999986,227279.149500076,282251.52630009543
488,ITA,2007,1979465.1218000005,498.1573999999999,267644.288200084,331702.4009001105
489,ITA,2008,2169434.9808999975,62.555700000000016,282521.53920007264,345726.37970011594
490,ITA,2009,1831387.965700002,3.034400000000001,202972.39330004848,250695.46500008678
491,ITA,2010,1827387.8352000061,0.0,226420.30860005278,283656.3190000825
492,ITA,2011,1978716.1216999989,0.0,267471.57030007,333013.1211000945
493,ITA,2012,1762637.0236999956,52.52819999999999,248881.05380004615,286991.9505000906
494,ITA,2013,1786728.401799999,55.959299999999985,253237.45170004768,289477.15680009354
495,ITA,2014,1786185.146499998,108.36510000000003,257286.575200051,293104.960100091
496,ITA,2015,1502870.8430000008,74.46360000000008,222786.2654000559,246761.2500000925
497,ITA,2016,1482690.579300001,66.08880000000002,225097.56590005403,238853.98540009084
498,ITA,2017,1577373.6282000027,62.846000000000046,250161.90870005148,268552.8058000822
499,ITA,2018,1687588.9189999986,0.0,273653.2946000652,300833.9968000887
500,ITA,2019,1622530.4819,81.35210000000001,266452.9205000674,281479.6792000855
501,ITA,2020,1529606.1670000025,0.0,245327.89480005324,255530.7347000824
502,ITA,2021,1799409.9223999993,0.0,311746.67480008054,337402.48560010997
503,ITA,2022,1821986.4873000022,3440.0525000000284,335422.5737003375,418576.9626003152
504,JPN,1995,4024691.0534999995,10917.556799999998,225145.50730008815,199508.82590003416
505,JPN,1996,3544847.213700002,13512.287999999984,216537.77010008515,207250.82620003642
506,JPN,1997,3256322.348500005,13264.798199999994,218062.2229000811,202751.7897000333
507,JPN,1998,2888703.3971000025,800.2127,191040.83430006093,173215.9624000068
508,JPN,1999,3240603.373300003,0.0,206484.930200085,185266.61950001758
509,JPN,2000,3520643.8732000045,15926.23539999999,256325.6493000884,209668.4126000314
510,JPN,2001,3095753.454699997,2831.6597000000015,206530.44580008188,200304.77280003618
511,JPN,2002,2926688.9580000066,1385.9421999999988,215028.5735000757,195989.196900033
512,JPN,2003,3174002.434199993,1692.6752000000006,257891.22510007702,220199.83700005728
513,JPN,2004,3478768.8132000067,16004.836299999992,336893.1130001154,257819.709000089
514,JPN,2005,3519289.841500005,20373.2309,364077.43960011273,306948.7600001122
515,JPN,2006,3429742.1285000057,26027.90939999999,401827.77160016296,353076.4675001215
516,JPN,2007,3515464.166200001,29358.33219999999,447020.4410001644,388037.12070013443
517,JPN,2008,4113494.937999998,42166.344799999955,509837.4243001572,468899.3625001901
518,JPN,2009,3903119.7668999964,33222.64419999906,397963.898400134,330735.8992001876
519,JPN,2010,4307015.155999997,31932.205699999984,494768.6856001602,422506.0067001645
520,JPN,2011,4772760.188799996,45077.03839999994,561815.951499973,538511.2504001728
521,JPN,2012,4807276.720299998,48689.496800000015,551209.6774000013,555926.8721001755
522,JPN,2013,3976063.0633999975,44411.90340000001,519142.6982001859,512891.6763001947
523,JPN,2014,3737376.428999996,51227.371299998886,536831.6982000245,541334.1884003102
524,JPN,2015,3258164.3619000036,183.50630000000007,406176.6109001362,460736.30210018065
525,JPN,2016,3554922.5246999953,1936.5007999999712,416089.4937001405,432503.6553002901
526,JPN,2017,3564856.7874999964,0.0,448988.69940015586,480922.9719001771
527,JPN,2018,3723692.100400004,0.0,471056.06020015845,535709.5584001613
528,JPN,2019,3759935.546499994,2876.279999999999,467131.577400155,520749.76320018305
529,JPN,2020,3551776.6574000097,0.0,425526.7599001321,472547.0557001799
530,JPN,2021,3682052.3925000024,105.20200000000006,499976.66080016445,569088.1538001772
531,JPN,2022,3320629.1252999967,1009.8530999999998,502304.6410001629,675883.5017001017
532,KOR,1995,563164.8643000022,5407.3274000000865,103090.41400000433,102664.96929999755
533,KOR,1996,548663.0903999998,0.0,68619.06949998903,106490.4745999943
534,KOR,1997,575469.6861999991,7103.962300000126,123669.88360002245,113934.20030001966
535,KOR,1998,474220.4690000026,7800.739200000315,124366.44670003721,87630.06169995447
536,KOR,1999,534603.9943000036,5128.427100000086,117068.68840002434,92047.24889997773
537,KOR,2000,604929.2335000002,8623.261800000037,152077.51140015508,123347.20110000903
538,KOR,2001,569853.6245999989,7778.289700000077,133554.19310007582,107903.30530000926
539,KOR,2002,643205.4595999985,9659.56099999985,142440.6742001543,115918.12540000363
540,KOR,2003,791951.9273000015,22358.1178999991,213979.55630014034,152101.62530004402
541,KOR,2004,837287.2491999986,15548.945499999674,242311.72520020226,180878.46800017075
542,KOR,2005,891571.3864999992,0.0,169330.12670009403,199426.16610005748
543,KOR,2006,1031545.8626999997,0.0,196244.42140010162,235086.4853000909
544,KOR,2007,1172769.6485999988,0.0,230442.34430009517,268963.3394000883
545,KOR,2008,1126878.1679999998,16.671399999999995,267095.5821001103,328157.14860012627
546,KOR,2009,1021309.5974000003,15.091799999999994,214614.56980009872,257524.68470007763
547,KOR,2010,1428440.4630000005,30002.83360000003,470298.8921004431,368570.0055004636
548,KOR,2011,1677269.6972999955,45345.75949999914,643089.3703993136,468782.45320070087
549,KOR,2012,1716765.8142999955,44470.33309999935,670604.7701992973,473222.0206005585
550,KOR,2013,1525917.0593000043,50.26740000000004,375354.6621001733,412591.61130017764
551,KOR,2014,1903194.0094999936,41721.82139999924,639097.3643993386,479677.9615005574
552,KOR,2015,1538157.8616000041,0.0,343424.4682001611,346728.7573001211
553,KOR,2016,1961996.7687000022,37047.16269999955,378528.55120042246,433274.9167005189
554,KOR,2017,2109584.884699995,54379.434399998696,440585.2660004333,504016.6742006786
555,KOR,2018,2246358.1583999996,57257.322799999136,475839.8378004652,552669.7183004955
556,KOR,2019,2207365.4593000067,54328.3175999993,448806.0930004343,540926.1689004917
557,KOR,2020,2126591.7655000133,52543.54559999907,434948.2238004177,526820.607400516
558,KOR,2021,2669120.2482000017,64820.51449999938,551722.3028998513,690259.1216001117
559,KOR,2022,2824154.790000001,76214.0360999998,586830.2042998374,789629.5625996082
560,MAR,1995,21297.48719999996,0.0,3838.1448000022165,4816.822200002034
561,MAR,1996,38087.4342,76.80400000000188,7061.621900005978,8310.738800004861
562,MEX,1995,235047.8820999998,0.0,32778.67599999869,41697.81019999648
563,MEX,1996,281215.0330999999,224.8222000000026,41918.42759997996,56485.64749999485
564,MEX,1997,337498.25739999925,0.0,44405.76129998003,66406.52679999758
565,MEX,1998,352439.98849999974,0.0,43816.84849997827,74936.95399999888
566,MEX,1999,390420.98039999895,0.0,51372.033799977675,84530.29969999986
567,MEX,2000,458396.09789999935,0.0,64801.10339997971,104858.67979999987
568,MEX,2001,470524.64599999954,0.0,57535.66469997627,99024.73990000132
569,MEX,2002,471377.6429000002,0.0,60902.84379997717,100878.70429999907
570,MEX,2003,448066.70150000055,0.0,70982.49940000454,104857.42089998919
571,MEX,2004,483480.19660000084,0.0,84739.39020001038,117728.4044999849
572,MEX,2005,554388.9095000005,0.0,100694.37550000403,132701.24489998672
573,MEX,2006,617455.3519999987,0.0,117104.92030000292,150593.98169998618
574,MEX,2007,666073.8045000007,0.0,129708.14300000254,165554.98860000347
575,MEX,2008,716551.1795999997,0.0,141271.66690007297,178586.89620000395
576,MEX,2009,552350.1607000002,0.0,106372.01090000683,140763.41179998306
577,MEX,2010,648215.8377000024,0.0,136375.89820006685,181184.02849999853
578,MEX,2011,729580.8773000005,0.0,166360.43630010381,211777.94760000226
579,MEX,2012,738070.8649000007,0.0,167561.39480010528,224182.82930000365
580,MEX,2013,781544.935399999,0.0,166871.79990009448,221701.13080000674
581,MEX,2014,780592.7907000001,0.0,169760.09350009443,228989.7070000069
582,MEX,2015,666648.7161999996,0.0,150475.6661000687,227736.85340000773
583,MEX,2016,612150.7539000006,0.0,149257.73460006574,225085.51870000485
584,MEX,2017,676466.5986000003,0.0,162416.50820006343,244287.4319000106
585,MEX,2018,700021.9149999975,0.0,180284.6828000648,266458.7391000191
586,MEX,2019,715377.8411999986,0.0,185909.0957000656,259239.25500001683
587,MEX,2020,591053.2835999983,0.0,163349.7739000484,218863.7514000108
588,MEX,2021,693338.0078000005,0.0,200876.6244000686,295859.74050007766
589,MEX,2022,763826.2068000014,0.0,211688.2207000682,360521.856900088
590,MLT,1996,3710.9141000000036,0.0,655.1063999997908,1317.6456999996988
591,MLT,1997,3566.9519999999975,0.0,625.8811999997947,1204.2089999997497
592,MLT,1998,3790.631,0.0,673.5913999997905,1271.2131999997337
593,MLT,2000,4018.740200000008,0.0,811.76189999968,1483.2720999996384
594,MLT,2001,3692.9355999999993,0.0,769.1700999996959,1342.0254999996416
595,MLT,2003,4914.9986999999965,0.0,1036.9915999996372,1684.2275999995181
596,MLT,2006,6753.901600000018,0.0,1756.5604999995132,2855.540800001326
597,MLT,2007,8056.271099999996,0.0,2014.33259999951,3576.9740000013294
598,MLT,2008,10098.598099999987,0.0,2824.565900000307,4894.558300002093
599,MLT,2011,12044.65440000001,0.0,3053.2373000002285,5246.446300002423
600,MMR,1996,6391.001600000011,0.0,535.8142999997351,781.8197999998489
601,MMR,1997,6482.3413000000355,0.0,443.7975999997838,709.0120999998705
602,MMR,1998,4095.1553000000126,0.0,281.6473999999599,506.4002999998976
603,MMR,2009,30915.741699999955,0.0,3082.920400001605,2060.40719999955
604,MMR,2010,43537.720999999816,0.0,4324.943900003189,2069.6139999995753
605,MMR,2011,63762.118,0.0,5597.327600004089,3150.013299999995
606,MMR,2012,70014.15940000008,0.0,5164.92310000447,3404.6344000000067
607,MMR,2013,69986.74639999997,0.0,5265.725200004297,3553.022400001003
608,MMR,2014,73225.56100000009,0.0,6135.551400005137,5347.934600002424
609,MMR,2015,69345.28539999994,0.0,6028.197300005134,5731.098100002973
610,MMR,2016,72540.93569999999,0.0,7655.272600005479,7373.060900003354
611,MMR,2017,76264.6701999998,0.0,8586.556700003373,9199.50000000236
612,MMR,2018,83333.61740000016,0.0,10544.390899996833,10415.381100001485
613,NGA,1995,46795.642799999776,345.64469999997203,13572.982899988328,5379.6743000070455
614,NGA,1996,48765.4637999996,502.5868999999656,13973.44569998989,6479.026200008171
615,NGA,1997,42924.6301999998,356.3956999999787,14867.317299986606,6944.440500006612
616,NGA,1998,50738.79299999975,450.3154999999707,12209.990299989298,7691.41190000974
617,NGA,1999,53726.27449999967,533.1513999999684,13583.765099989823,5456.062600007998
618,NGA,2001,57811.641699999804,504.98459999997266,18429.135700005612,8812.221900009781
619,NGA,2002,73292.41149999957,536.0449999999695,19850.43220001108,9436.511700009589
620,NGA,2003,81481.96129999979,828.5487999999617,26019.322000011827,12673.389299988254
621,NGA,2004,107619.66679999942,857.7534999999638,28831.653500012395,10253.10510000418
622,NGA,2005,133914.16119999957,1068.447999999951,37200.10749996125,12620.399599988104
623,NGA,2006,170579.88960000058,1014.6739999999668,60352.09859996182,18666.371399981515
624,NGA,2007,193191.03260000073,976.6232999999636,58120.929099961046,28329.379300005865
625,NGA,2008,228981.45310000074,1093.2842999999623,78281.36770004536,25424.700800004946
626,NGA,2009,197469.89540000045,1190.3362999999601,51608.64489995696,25166.740400004634
627,NGA,2010,280461.0066000076,2733.53890000034,99878.0340000484,45731.99829996477
628,NGA,2011,271175.51150000235,1193.6239999999568,117347.96600004743,43190.556399971625
629,NGA,2012,324268.3616000033,2819.5509000002485,121698.62630005277,33626.719600001496
630,NGA,2013,376606.92530000117,2506.7285000002616,87349.51020005503,34389.75890000033
631,NGA,2014,422562.2134000039,2418.4791000002297,98476.85010004883,38875.94749999312
632,NGA,2015,383168.5539000025,1863.8034999999436,51410.23459995854,29414.475700000155
633,NGA,2016,324650.78630000143,1492.1935999999407,39371.26189995957,26174.937900003024
634,NGA,2017,303298.26610000146,1835.6219999999353,49986.85379995347,28386.530000002058
635,NGA,2018,339332.1156000018,2276.656900000249,64610.008399947525,40158.5112999811
636,NGA,2019,389700.5235000031,2143.4815000001827,67723.37830001529,47802.7073999384
637,NGA,2020,355174.7961000024,1353.5152999999525,38492.57339995273,38179.54799999431
638,NGA,2021,400652.128000003,1534.8286999999352,52583.836199942365,35547.53349999936
639,NGA,2022,401550.30080000043,2263.2447000000275,69179.50339999428,45117.13109996683
640,NLD,1995,571707.1556999995,34257.626999999324,177204.54510011701,159483.78290012808
641,NLD,1996,525813.7725000021,31369.561299999732,173830.05070009222,153340.8129000751
642,NLD,1997,489898.92640000157,25407.031999999737,159019.3367000522,141313.83260004045
643,NLD,1998,514674.6361999999,25409.77249999972,161658.4981000495,144930.70750004577
644,NLD,1999,532936.4263000005,28193.079399999766,171563.4316000493,151309.92010005063
645,NLD,2000,567959.7552,30718.813399999854,180767.00400009358,159893.33860010182
646,NLD,2001,529362.6306000001,26750.13289999977,162197.66920007387,142899.69350004857
647,NLD,2002,557210.4097000012,27163.981799999798,171333.60010006803,149592.80810004438
648,NLD,2003,655991.6283999999,34355.68549999971,221845.53060010454,192609.82160025276
649,NLD,2004,746213.2054000029,43806.89479999972,271525.3339001253,237225.25000031036
650,NLD,2005,868337.0567999932,56983.23799999833,321103.5220003846,280786.1023005382
651,NLD,2006,906482.8692999877,46000.522999998786,328373.66720029863,290347.3027004357
652,NLD,2007,1024762.4227999896,58324.48559999845,396452.284500359,362973.7997005574
653,NLD,2008,1091672.4974000023,71910.4117000002,478194.0003003704,436513.96520067175
654,NLD,2009,950137.4807000002,41657.129000000044,337761.05130013474,300016.160900192
655,NLD,2010,1045000.012500001,50871.55919999988,352406.2889003593,321708.79060033744
656,NLD,2011,1156412.8097000013,48096.918699999515,376450.4227001999,354484.9697004065
657,NLD,2012,1063748.8788000005,41861.316900000085,344850.3802001682,324788.4409002151
658,NLD,2013,1084617.7827000006,42164.77830000012,362134.07960017235,339273.0322002102
659,NLD,2014,1102035.2107,42322.516199999955,364975.23170018196,338173.1950002134
660,NLD,2022,2538850.454600001,278030.5517000284,922335.3483005156,745098.3576979486
661,NZL,2020,181128.25260000004,0.0,20336.392399994824,21307.34429999453
662,NZL,2021,208382.93070000006,0.0,24119.803899995248,26321.67129999915
663,PAK,1995,68639.88949999973,131.2498000000015,4208.351900002994,6218.858200004348
664,PAK,1996,50870.58450000006,0.0,3623.7442000033584,4055.2531000014696
665,PAK,1997,51406.579699999864,0.0,3385.575400002767,4331.147200001747
666,PAK,1998,53501.47050000001,0.0,3281.65980000259,3707.1054000014233
667,PAK,1999,77749.40029999989,196.16170000000415,4310.3134000029895,6274.626400004911
668,PAK,2000,53737.81050000005,0.0,3234.1762000025856,3371.858400000782
669,PAK,2001,73542.3333,150.0848000000049,4635.20170000349,7139.458100005682
670,PAK,2002,80235.53380000002,212.089300000005,5241.216400003388,7297.670500005907
671,PAK,2003,94853.37930000034,255.61910000001333,7338.583900007575,9033.014800007013
672,PAK,2004,67429.91639999987,0.0,4950.621800004186,5314.140700002383
673,PAK,2005,75753.09189999981,0.0,5876.571700004433,7073.808200003575
674,PAK,2006,121376.56340000004,184.59090000000418,9046.410300002352,14388.815799994714
675,PAK,2007,98529.94869999978,0.0,6835.310400005009,11722.306800002149
676,PAK,2008,149089.29329999996,345.82449999999807,9753.57340000152,20512.615799992807
677,PAK,2009,158336.08450000035,470.06129999999257,9549.407900001328,21710.509399990744
678,PAK,2010,118755.46709999973,0.0,7606.5815000050525,13380.77449999767
679,PAK,2011,209975.63390000004,497.94719999999796,14620.480099994586,27373.740599998506
680,PAK,2012,224367.27220000039,553.4604999999967,14540.397999994586,32039.239799999432
681,PAK,2013,235570.4146000007,601.4032999999968,15210.465399994911,35214.338499997466
682,PAK,2014,267476.4165999999,668.895599999998,16752.739399998052,37247.564199999375
683,PAK,2015,287538.3634000002,759.5774999999829,16644.74939999799,37036.93360000063
684,PAK,2016,185715.96449999974,0.0,9049.268000002765,17858.30249999345
685,PAK,2017,206379.51010000063,0.0,9259.56500000263,20298.423399995103
686,PAK,2018,195945.26999999984,0.0,9139.582200002553,22879.539499997245
687,PAK,2019,184675.50160000028,0.0,8236.984100002872,21287.00369999492
688,PAK,2020,190246.60240000018,0.0,9257.083800002498,21117.869399994746
689,PAK,2021,206760.0513999994,0.0,10489.304899999217,22347.325199994866
690,PAK,2022,199102.89940000014,0.0,10362.534699999975,22373.123099994322
691,PER,1995,106909.1376999997,522.3375999999924,10323.167299997122,11566.90740000536
692,PER,1996,114195.01319999967,616.2304999999913,11463.075499996043,12387.642800005538
693,PHL,2011,184034.2571999995,0.0,33800.386999995106,38529.59619999752
694,PHL,2012,209602.7518000004,0.0,37997.96189999512,42028.264099996515
695,PHL,2013,208856.0764999997,0.0,39311.66339999553,40514.633699997394
696,PHL,2014,218064.92089999994,0.0,45332.70359999084,42539.14719999626
697,POL,1995,121344.58889999994,77.17810000000003,13260.460999995374,14085.9932999961
698,POL,1996,134295.87929999988,0.0,14981.336999994886,18687.047699995423
699,POL,1997,131675.01639999985,0.0,16021.169999994961,22186.53489999731
700,POL,1999,424029.3028000009,23704.298200003148,85087.1942000488,62997.9567998166
701,POL,2000,457066.2506999998,23654.517100001314,112904.71390001285,71620.80979984922
702,POL,2006,301950.0292000005,143.4992000000001,64102.02999998048,76474.65289998692
703,POL,2007,385274.0139999998,3.3035000000000005,80033.97959999839,100313.70960000042
704,POL,2008,475243.47830000037,0.0,97479.63979999647,128550.43040000477
705,POL,2009,1220718.9047000047,72639.0011999927,244783.64630080492,296586.1553009779
706,ROU,1995,71680.77420000022,397.0484999999752,11038.632900000071,12875.833499989989
707,ROU,1996,39972.070500000045,0.0,3725.0625000018667,5985.132000002891
708,ROU,1997,35567.78859999995,0.0,3615.3884000018775,5631.740000002725
709,ROU,1998,34898.70129999985,0.0,3595.340700001843,6062.0138000027555
710,ROU,2013,170778.28770000002,0.0,32504.25770000101,36459.73449999715
711,RUS,1995,372641.01460000017,14213.832099999678,61485.21039993984,38621.80679999766
712,RUS,1996,409419.3679999989,15386.628799999797,62190.951099937934,32712.316100010907
713,RUS,1997,414924.6856000002,16858.34120000012,59887.37589993126,34543.609600005926
714,RUS,1998,418655.4008999996,19343.456400001236,69188.67259996972,52430.89509990374
715,RUS,2001,477237.98980000045,23085.2277000014,95500.06779998598,61056.90229985452
716,RUS,2002,487082.7972999994,22713.874500001053,104669.62229998557,65493.5937998663
717,RUS,2003,584247.1897999994,28599.650800001295,132236.49720005775,81075.21009995804
718,RUS,2004,767046.0781000005,40537.30699999789,178747.02720027493,98935.4023000143
719,RUS,2005,960688.0075000008,47997.40149999751,234072.28310025996,123410.11540007035
720,RUS,2006,898151.7045000007,41963.15809999812,239028.53160018194,97244.23840000104
721,RUS,2007,1161865.6330999963,49565.27959999858,283482.7137003267,126326.09760004557
722,RUS,2008,1503901.4877,74975.05499999826,387352.50420051743,174513.02480029612
723,RUS,2009,1136380.1161999987,49478.881899996675,255507.71100020467,127184.67100005224
724,RUS,2010,1360172.2917999951,51803.65199999893,330576.8460004147,153482.19520009734
725,RUS,2011,1646056.155899999,58482.0896999992,377184.97040041926,186052.65030028988
726,RUS,2012,1874493.3451000021,92201.15039999892,437549.9008005243,199308.9684004436
727,RUS,2013,1979535.4199000024,85006.5753999994,430658.8912004989,212345.35060048173
728,RUS,2014,1774633.0728999928,75154.3029999989,420324.30150050245,196630.95720050603
729,RUS,2015,1392297.3645000032,55060.68879999479,306831.0118004297,170266.17350028065
730,RUS,2016,1342065.6751999974,50604.0423999942,264581.73090028996,162349.27490026352
731,RUS,2017,1521149.266699995,49021.206699996656,303879.7309003806,158482.62380017308
732,RUS,2018,1580657.7613999909,55156.767299997395,387944.6975003983,170745.48510026393
733,RUS,2019,1638844.603299996,54870.38509999683,365715.6127003586,176840.8395002866
734,RUS,2020,1563315.4851000048,53515.509199996035,316857.7387003962,194250.0847005088
735,RUS,2021,2594106.3794999984,126187.50710000114,527824.9116004425,372733.8685013307
736,RUS,2022,2985669.6441999935,152282.8482000244,605750.7544993268,401205.8320013398
737,SAU,2018,1303934.6813999992,36935.346199998334,378192.4237004301,263139.1970005538
738,SAU,2019,1338570.9715000014,36423.1356999985,343699.3131003911,256970.27330053382
739,SAU,2020,446155.5415999995,1794.9894999999938,141962.3193001022,70979.14669996605
740,SGP,2016,1860220.0048999942,131879.28889999754,698195.1755004133,574376.8480010299
741,SGP,2017,1978026.4567000032,154403.23220000116,788131.4237001684,647660.3623002599
742,SGP,2019,2248074.842000008,165678.96300000895,855772.5159001595,731995.071698291
743,SGP,2021,2153039.7924999995,116872.19410000254,814659.9057998594,769248.0183983755
744,SGP,2022,2173043.0515000043,139757.35330000438,903694.5804996826,884709.0731983334
745,STP,2003,112.55700000000027,0.0,6.8228999999999616,15.50389999999987
746,STP,2004,117.83200000000028,0.0,6.211400000000154,18.54769999999956
747,SWE,1995,498799.28570000065,29192.571099999226,110831.09269996,85403.90729996728
748,SWE,1996,521377.29200000095,31115.89939999919,119117.85799996743,88818.02329996756
749,SWE,1997,493605.77859999996,30041.655799999076,116862.2152999624,89057.55679996406
750,SWE,1998,500622.3980000027,30618.68739999887,113427.77929995273,92530.78040001109
751,SWE,1999,513509.20210000046,32656.287999997774,121742.39049996539,90669.67209996874
752,SWE,2000,491964.629400001,35110.68259999757,141746.0869000351,96340.93600001888
753,SWE,2001,484384.90020000096,33031.80439999712,136982.79240000746,92282.68809997098
754,SWE,2002,528687.1709000022,34405.833199997534,142405.0896000281,98041.80360003005
755,SWE,2003,640346.6353000022,40171.394599998566,169805.32820005374,116801.6974000345
756,SWE,2004,739405.0203999999,48031.49529999854,203956.6523001828,138186.43910009437
757,SWE,2005,771505.5388000034,51211.29789999768,181903.04380008325,172881.5406003493
758,SWE,2006,844625.6064000019,58102.57219999859,201255.1649000898,202979.60310031736
759,SWE,2007,1031960.117400006,73053.5021999918,237550.3844001946,247070.48340055862
760,SWE,2008,1105191.7626000023,79320.71119999379,266848.95960023586,280399.9244005997
761,SWE,2009,969334.7185000036,60354.066299997445,209078.04870018418,209204.79360046552
762,SWE,2010,997271.7227000039,65207.4066999973,228025.21620020497,223700.16800051116
763,SWE,2011,1144708.412,77402.49069999109,260497.03800023903,268073.7575006597
764,SWE,2012,1083377.5566000047,70554.90739999698,247488.27410017056,260658.45680050497
765,SWE,2013,1190929.918000003,88951.18799999084,338711.6737003476,247590.29710058452
766,SWE,2014,1137062.4541000016,71953.83709999567,261077.05070025678,264165.5474005481
767,SWE,2015,982877.5045000017,67407.45109999528,233342.0613002319,226591.2507006083
768,SWE,2016,996590.5859000083,66072.92969999507,224055.74540020476,223224.7092006142
769,SWE,2017,1060389.5928999989,71751.38669999308,246323.02520023735,250236.0509006314
770,SWE,2018,1146835.884200001,78222.43869998837,269239.5809005248,281774.56960077037
771,SWE,2019,1110092.7427000033,78499.94599998747,271767.2307005186,278195.4573007813
772,SWE,2020,1093447.2792000012,75248.88159999298,256811.00520038223,264252.66490071523
773,SWE,2021,1236191.6885000027,92047.04559998824,316937.4222008483,333659.9926009305
774,THA,2020,565854.2971000004,5903.747700000119,128412.79489999732,150496.102000041
775,TUR,1995,145867.068,0.0,12572.7053999989,17499.473899996614
776,TUR,1996,158180.0129,0.0,14073.513099997375,20891.805999996475
777,TUR,1997,166822.7172000001,0.0,17862.274299999808,24016.048799999993
778,TUR,1998,184350.54270000005,0.0,19562.68270000122,23934.34910000044
779,TUR,1999,182831.61030000052,72.23680000000057,17236.12729999819,23345.559399998536
780,TUR,2000,192590.82679999957,0.0,19293.511099998323,28278.695300000927
781,TUR,2001,217682.84970000008,1257.9606999999492,35084.73439999914,41114.51399998746
782,TUR,2002,260624.17410000053,1482.2274999999474,35889.37479997942,45262.0741999868
783,TUR,2003,317652.0980999997,2054.582199999999,40273.68059998299,53807.20419996907
784,TUR,2004,398313.19910000084,2343.6367999999884,52962.35519998259,74192.61389994666
785,TUR,2005,403206.69049999997,37.72560000000003,37169.34339998693,59973.25289998247
786,TUR,2006,437250.89300000115,0.0,43149.45859998557,71735.99829998334
787,TUR,2007,524014.5834000004,0.0,51503.10619997903,87423.37969998649
788,TUR,2008,565395.0592999988,0.0,65991.09659998906,101770.65579999128
789,TUR,2009,473353.2228000008,0.0,48812.73789998251,74923.15089998423
790,TUR,2010,559646.4408000001,0.0,53821.59149997965,94374.5240999871
791,TUR,2011,1115813.7627999973,26259.07770000061,188861.51450016038,219845.79940045567
792,TUR,2012,1028002.4608000005,17458.313399999653,122384.84859995422,209149.60570032228
793,TUR,2013,911038.8263000015,9966.469099999975,108935.01529998417,189072.5387001031
794,TUR,2014,1092442.7224999955,16987.82069999961,142677.25010002917,220085.77720030738
795,TUR,2015,894624.1957999999,17218.168899999655,234384.61060031262,193653.80070022456
796,TUR,2016,660506.1212000003,0.0,70757.8107999906,109910.83760000001
797,TUR,2017,1241366.9712000007,32542.86279999936,296529.29240033135,253709.5918005287
798,TUR,2020,792956.6342999996,5861.5166000000245,126646.51759998995,162141.04500004984
799,TWN,1995,655302.8124000013,40175.08749999162,139201.0942001674,193663.1050004175
800,TWN,1996,766823.5547000049,51718.0237999871,197426.46900035487,208530.50470053812
801,TWN,1997,678511.8907999995,44309.3769999938,156525.37760020886,207715.08920047435
802,TWN,1998,630112.5135000042,48525.74949998995,167436.43050022516,189290.98160038775
803,TWN,1999,717542.5363000097,55193.309999988196,184941.11560030453,201369.08460055653
804,TWN,2000,777521.1132000058,68754.2585999958,217178.2521004287,240214.0998005746
805,TWN,2001,736470.0695000056,61379.55469998993,200668.8811003534,215482.63300054398
806,TWN,2002,812381.9964000054,66341.18479998875,217217.73180041983,231559.53630057187
807,TWN,2005,1285780.7015000014,142127.06540004007,505536.13580109074,388671.3776015369
808,TWN,2012,1917568.3365000044,152545.73190001666,637765.113499379,753453.1375982636
809,TWN,2015,2250505.192999993,187274.9253000282,774975.9968000697,685404.2345981003
810,TWN,2020,1423359.340200002,56861.68109999816,553914.9548002322,497372.6144008522
811,USA,1995,5588931.182499993,14199.704099999995,355313.5105000855,347601.8509002021
812,USA,1996,5909818.299400006,14555.82599999998,389931.0856001123,365744.1480002125
813,USA,1997,6303398.139800001,4165.2091,421845.30550009664,396185.86910022004
814,USA,1998,6637546.595399999,19701.596999999983,424679.35630009987,397966.0197002079
815,USA,1999,7068109.795200003,38064.50649999993,455552.92240012024,437864.99520023435
816,USA,2000,7690265.74569999,52363.4156,508015.6319001296,513260.40060023
817,USA,2001,7679519.960199998,37766.502199999995,473577.4305001106,459966.2035002153
818,USA,2002,7609863.116500005,33918.193900000006,462958.19470010494,471023.6658002167
819,USA,2003,7911668.3341,45587.01389999998,488038.87620010925,569338.5198000314
820,USA,2004,8555449.183299989,52782.689599999954,555239.8762000398,677795.9841998725
821,USA,2005,9402118.963000001,0.0,597472.814600031,824321.6255997667
822,USA,2006,9913217.092799993,88.83390000000003,682332.0220000158,923332.5729996845
823,USA,2007,10504991.553100023,0.0,766900.3368999588,975094.9176996524
824,USA,2008,10813544.683600007,0.0,857300.5042999502,1097009.540199723
825,USA,2009,9443705.181399995,0.0,722569.2245000246,805034.9596997618
826,USA,2010,10175754.343899986,255.31850000000006,833996.2868999614,964242.3169996951
827,USA,2011,11013257.210700002,63.12460000000004,970256.5709999823,1117942.132099793
828,USA,2012,11565719.283399997,59.744100000000046,1003091.1082999826,1094803.5229997549
829,USA,2013,12112094.370300004,0.0,1021490.0618999539,1073502.5580996824
830,USA,2014,12806310.347699977,0.0,1057011.1517999063,1135483.267099737
831,USA,2015,12759657.93159999,246.63830000000007,995135.7286999673,1006152.5411996519
832,USA,2016,13023784.924600001,0.0,975176.9325999554,956183.23099968
833,USA,2017,13718332.990800016,11.598299999999998,1064885.1024000207,1043499.6895996358
834,USA,2018,14625746.189799989,0.0,1143997.189799916,1123976.2979997518
835,USA,2019,15020977.50899998,0.0,1159448.184799924,1128509.8489997804
836,USA,2020,14388333.75959998,375.31449999999944,1052171.713200001,1022057.1927996685
837,USA,2021,16675893.52300001,560.8458000000002,1244072.9318999157,1310592.850399852
838,USA,2022,18589490.55729998,129822.87050000014,1511973.3811998947,1462457.8503998362
839,ZAF,1995,144418.42129999975,253.58710000000357,22157.50819999849,15203.130299994342
840,ZAF,1996,134085.3944,238.2249000000047,23152.496699998406,16280.67179999203
841,ZAF,1997,140026.8107999999,192.2306000000033,23332.904199998753,18797.196699992397
842,ZAF,1998,133439.83059999984,369.38259999999906,22597.888299998387,18731.31869999193
843,ZAF,1999,138400.61820000003,0.0,20444.127699997363,16161.532699995727
844,ZAF,2000,149750.49740000002,0.0,23049.948699999124,18655.192399994936
845,ZAF,2001,137648.54719999997,0.0,22270.226899999,17823.987999994697
846,ZAF,2002,134370.1331000001,0.0,22561.79269999921,18236.231599994473
847,ZAF,2003,205210.59240000026,0.0,27669.841800000788,23657.263499998888
848,ZAF,2004,255585.47349999964,0.0,34607.02859999107,31102.120000000567
849,ZAF,2005,280614.8335000003,0.0,40797.90239998245,36646.534299999585
850,ZAF,2006,284066.78030000016,0.0,47375.35669997817,44425.16839999316
851,ZAF,2007,311547.3837000003,410.6234999999985,57683.637899971414,52749.14959997333
852,ZAF,2008,300186.64540000056,643.3172999999977,63806.49649996951,59674.476499968085
853,ZAF,2009,314670.56359999994,388.32849999999775,48518.29469997893,44250.951799985
854,ZAF,2010,385155.5589000001,306.1351999999991,65318.78099996831,54765.34879996964
855,ZAF,2011,419750.3233000002,324.482399999999,77495.48929998805,64536.93459996629
856,ZAF,2012,405383.0603000008,633.6611999999955,71164.99509998494,67343.6902999634
857,ZAF,2013,371974.33939999976,534.6330999999983,68274.12799998005,69462.48639996306
858,ZAF,2014,356788.63530000043,613.4935999999972,64275.30199997137,66243.5873999653
859,ZAF,2015,318666.50800000044,955.1570999999979,53252.432599976826,59330.504799968396
860,ZAF,2016,301068.8623,567.3960999999983,55383.01949997254,54650.02149996963
861,ZAF,2017,386609.07460000017,1816.2878999999757,86509.28310000239,60789.28269996393
862,ZAF,2018,363320.700000001,664.9370999999988,67056.60589997354,61678.54469996786
863,ZAF,2019,341552.4669000001,599.5063999999984,52633.909699976706,59179.22189996937
864,ZAF,2020,314462.3264000006,1198.3501999999428,68050.01249999106,49501.56049995829
865,ZAF,2021,394150.59719999915,2175.432999999941,104376.5284999951,65993.38319994361
866,ZAF,2022,378685.4660000002,3117.924799999983,124502.59929995431,81360.01489996472
